City_Name,Month,Inventory,Cost_Per_Unit,Total_Cost
City: New York,1,528,123.76373191817476,65347.250452796274
City: New York,2,758,129.79862685747597,98387.35915796678
City: New York,3,597,99.7586999066462,59555.94384426778
City: New York,4,515,157.9001971993216,81318.60155765063
City: New York,5,571,130.7911214342426,74681.73033895252
City: New York,6,126,132.53660467223042,16699.612188701034
City: New York,7,958,137.56294969208497,131785.30580501741
City: New York,8,204,76.14055423761576,15532.673064473614
City: New York,9,1001,163.51955301664555,163683.07256966218
City: New York,10,1263,95.08723984158541,120095.18391992238
City: New York,11,563,178.8709760937643,100704.3595407893
City: New York,12,1014,127.89605790510844,129686.60271577995
City: Los Angeles,1,227,109.41229217778653,24836.59032435754
City: Los Angeles,2,115,107.10360639348553,12316.914735250837
City: Los Angeles,3,312,59.36596708141064,18522.18172940012
City: Los Angeles,4,110,62.00620806260281,6820.682886886309
City: Los Angeles,5,506,123.05084377214133,62263.726948703516
City: Los Angeles,6,360,63.092753779878066,22713.391360756104
City: Los Angeles,7,44,110.90230418084116,4879.701383957011
City: Los Angeles,8,321,173.78979602015485,55786.52452246971
City: Los Angeles,9,314,147.45574162772635,46301.10287110607
City: Los Angeles,10,545,173.53178827052335,94574.82460743522
City: Los Angeles,11,338,144.67906283738336,48901.523239035574
City: Los Angeles,12,929,116.75226874299915,108462.85766224621
City: Chicago,1,1276,124.84480729650042,159301.97411033453
City: Chicago,2,562,197.77420759650678,111149.10466923681
City: Chicago,3,1444,80.1944588308173,115800.79855170018
City: Chicago,4,1425,186.0104208378447,265064.84969392867
City: Chicago,5,1132,76.95582465704985,87113.99351178043
City: Chicago,6,979,72.25051246157001,70733.25169987704
City: Chicago,7,782,95.11780582944996,74382.12415862987
City: Chicago,8,9,157.36304590012793,1416.2674131011513
City: Chicago,9,1162,190.6748433859871,221564.168014517
City: Chicago,10,1026,81.94418312363074,84074.73188484514
City: Chicago,11,1323,65.44109200814556,86578.56472677657
City: Chicago,12,1273,177.39276285133113,225820.9871097445
City: Houston,1,1365,55.14949658049923,75279.06283238145
City: Houston,2,484,87.44767528342997,42324.67483718011
City: Houston,3,1435,131.18621200329136,188252.2142247231
City: Houston,4,600,177.21636247641652,106329.81748584991
City: Houston,5,1331,153.67889982900175,204546.61567240133
City: Houston,6,483,196.10774401138215,94720.04035749758
City: Houston,7,1339,55.009587491509066,73657.83765113064
City: Houston,8,928,167.15077629948365,155115.92040592083
City: Houston,9,866,79.79773291201518,69104.83670180515
City: Houston,10,349,69.46939037441919,24244.8172406723
City: Houston,11,1020,145.26686153468347,148172.19876537714
City: Houston,12,980,53.77645197397357,52700.9229344941
City: Phoenix,1,481,185.03407269095655,89001.3889643501
City: Phoenix,2,153,72.82373997603226,11142.032216332935
City: Phoenix,3,1065,76.73046889978768,81717.94937827389
City: Phoenix,4,581,126.11547135114746,73273.08885501667
City: Phoenix,5,1067,187.59834261357327,200167.4315686827
City: Phoenix,6,178,54.30143466052226,9665.655369572962
City: Phoenix,7,841,187.74127367444797,157890.41116021073
City: Phoenix,8,162,145.45643724122266,23563.942833078072
City: Phoenix,9,1354,159.83171142734483,216412.1372726249
City: Phoenix,10,97,102.34238499628754,9927.21134463989
City: Phoenix,11,244,90.55967264931874,22096.560126433775
City: Phoenix,12,330,199.8865306130716,65962.55510231364
City: Philadelphia,1,728,78.17682109158599,56912.725754674604
City: Philadelphia,2,1455,59.23884171867531,86192.51470067257
City: Philadelphia,3,541,145.15305237775914,78527.80133636769
City: Philadelphia,4,215,94.42301340093339,20300.94788120068
City: Philadelphia,5,1452,90.22698544650376,131009.58286832346
City: Philadelphia,6,915,69.60281634467336,63686.57695537612
City: Philadelphia,7,353,69.50533710803239,24535.383999135436
City: Philadelphia,8,1275,91.85103417258185,117110.06857004185
City: Philadelphia,9,1023,61.44077136453161,62853.90910591583
City: Philadelphia,10,685,148.49076197502836,101716.17195289442
City: Philadelphia,11,1190,195.3043752668189,232412.2065675145
City: Philadelphia,12,236,51.96181077481343,12262.98734285597
City: San Antonio,1,1053,182.60269091975542,192280.63353850244
City: San Antonio,2,163,102.12054154472575,16645.648271790298
City: San Antonio,3,1059,62.70359593105472,66403.10809098695
City: San Antonio,4,1099,123.77124402925884,136024.59718815546
City: San Antonio,5,382,126.82414712983713,48446.82420359778
City: San Antonio,6,234,150.017207558578,35104.02656870725
City: San Antonio,7,1182,106.54092423498264,125931.37244574948
City: San Antonio,8,828,112.32657084484862,93006.40065953466
City: San Antonio,9,336,173.7294621479636,58373.09928171577
City: San Antonio,10,562,197.27890178872295,110870.7428052623
City: San Antonio,11,156,82.87522945968134,12928.535795710288
City: San Antonio,12,59,105.98316087064265,6253.006491367916
City: San Diego,1,133,190.80131298504483,25376.574627010963
City: San Diego,2,1240,111.74404312367193,138562.61347335318
City: San Diego,3,1379,124.35596663758488,171486.87799322954
City: San Diego,4,278,158.99876398932165,44201.65638903142
City: San Diego,5,461,66.48047935023858,30647.500980459987
City: San Diego,6,523,73.99380577395415,38698.760419778024
City: San Diego,7,207,124.35435012857383,25741.35047661478
City: San Diego,8,309,104.34167252222775,32241.576809368376
City: San Diego,9,983,110.98622601030324,109099.46016812809
City: San Diego,10,768,195.43211470124237,150091.86409055413
City: San Diego,11,871,53.406646491546645,46517.18909413713
City: San Diego,12,1113,163.87029597479426,182387.639419946
City: Dallas,1,363,174.97042114319063,63514.2628749782
City: Dallas,2,503,196.01361563470874,98594.84866425849
City: Dallas,3,60,63.89622392903924,3833.773435742354
City: Dallas,4,865,104.96276935127713,90792.79548885472
City: Dallas,5,570,138.05257784848362,78689.96937363567
City: Dallas,6,1384,198.65427849956032,274937.5214433915
City: Dallas,7,964,162.69715652995927,156840.05889488073
City: Dallas,8,898,150.56608283461546,135208.3423854847
City: Dallas,9,34,140.5165726745565,4777.563470934921
City: Dallas,10,1178,165.4851526211524,194941.5097877175
City: Dallas,11,187,98.69650423809372,18456.246292523527
City: Dallas,12,656,179.87643419873964,117998.9408343732
City: San Francisco,1,266,142.24587890429495,37837.403788542455
City: San Francisco,2,787,62.61393802111614,49277.1692226184
City: San Francisco,3,853,139.8476298141357,119290.02823145775
City: San Francisco,4,934,150.25682864564942,140339.87795503656
City: San Francisco,5,1214,180.84455151571166,219545.28554007396
City: San Francisco,6,706,149.9818610134004,105887.19387546068
City: San Francisco,7,1311,152.45826075617248,199872.77985134211
City: San Francisco,8,853,118.52604347778508,101102.71508655067
City: San Francisco,9,1095,76.89868336926057,84204.05828934032
City: San Francisco,10,50,117.01773442342198,5850.886721171099
City: San Francisco,11,1164,177.70170075611438,206844.77968011712
City: San Francisco,12,268,126.3013866643376,33848.77162604248
City: Miami,1,572,55.625311466198745,31817.678158665683
City: Miami,2,1023,84.50619178616489,86449.83419724669
City: Miami,3,1077,121.08071826059467,130403.93356666046
City: Miami,4,489,156.84525692861126,76697.3306380909
City: Miami,5,1066,107.48269983988256,114576.55802931481
City: Miami,6,1180,119.40888851727246,140902.4884503815
City: Miami,7,1180,139.98443241955843,165181.63025507896
City: Miami,8,1135,84.14867783854632,95508.74934675008
City: Miami,9,136,152.18469128617312,20697.118014919542
City: Miami,10,473,89.55705819491864,42360.48852619652
City: Miami,11,1347,105.42480607772953,142007.21378670167
City: Miami,12,693,95.49319245137548,66176.78236880321
City: Atlanta,1,1284,97.39110606670499,125050.18018964921
City: Atlanta,2,788,93.77987335672253,73898.54020509735
City: Atlanta,3,907,68.10964251950136,61775.44576518774
City: Atlanta,4,615,198.30381779024358,121956.84794099981
City: Atlanta,5,1072,174.269360729594,186816.75470212477
City: Atlanta,6,952,77.8663322555791,74128.7483073113
City: Atlanta,7,452,152.4666528831152,68914.92710316807
City: Atlanta,8,1136,87.22397441319778,99086.43493339268
City: Atlanta,9,947,100.14572499350697,94838.0015688511
City: Atlanta,10,1247,176.0559846470994,219541.81285493294
City: Atlanta,11,53,98.7018943456518,5231.200400319545
City: Atlanta,12,72,67.12216301060704,4832.795736763706
City: Boston,1,334,192.41480224806992,64266.54395085535
City: Boston,2,885,80.52979960906285,71268.87265402063
City: Boston,3,1274,198.7237927832381,253174.11200584535
City: Boston,4,1342,78.2409271857692,104999.32428330225
City: Boston,5,591,127.26648311637254,75214.49152177617
City: Boston,6,387,195.0774784986663,75494.98417898385
City: Boston,7,18,56.23641625453526,1012.2554925816346
City: Boston,8,177,108.17740606508147,19147.400873519422
City: Boston,9,80,167.13003511438112,13370.40280915049
City: Boston,10,1264,134.79775612468865,170384.36374160644
City: Boston,11,1242,187.1588471382349,232451.28814568775
City: Boston,12,104,165.4453859375719,17206.32013750748
City: Seattle,1,1233,157.0871547695287,193688.4618308289
City: Seattle,2,374,55.31789189147818,20688.89156741284
City: Seattle,3,1402,189.7078981397444,265970.47319192166
City: Seattle,4,123,110.82605824087159,13631.605163627206
City: Seattle,5,1445,61.49910199901183,88866.20238857208
City: Seattle,6,1302,106.75649216090463,138996.95279349783
City: Seattle,7,1088,82.1975966484045,89430.98515346409
City: Seattle,8,1073,150.2256397504509,161192.11145223383
City: Seattle,9,539,139.6066824555411,75248.00184353665
City: Seattle,10,1275,187.79639358260957,239440.4018178272
City: Seattle,11,1035,94.06132374406161,97353.47007510376
City: Seattle,12,690,184.49528508501263,127301.74670865871
City: Denver,1,1170,194.80903048243385,227926.5656644476
City: Denver,2,722,82.60350262629966,59639.72889618835
City: Denver,3,886,63.53718925331046,56293.94967843307
City: Denver,4,81,89.4528734338573,7245.682748142442
City: Denver,5,772,111.80999869680889,86317.31899393647
City: Denver,6,1178,182.27021459530764,214714.3127932724
City: Denver,7,892,180.67995082494076,161166.51613584717
City: Denver,8,93,184.57916872612728,17165.862691529837
City: Denver,9,949,146.5058980558306,139034.09725498327
City: Denver,10,1410,138.14533089978687,194784.9165686995
City: Denver,11,236,96.47137063209632,22767.243469174733
City: Denver,12,664,103.9021829146528,68991.04945532946
City: Las Vegas,1,82,87.64171249844063,7186.6204248721315
City: Las Vegas,2,1062,97.30444070801806,103337.31603191518
City: Las Vegas,3,1312,74.22192228866083,97379.16204272301
City: Las Vegas,4,2,112.65995804345738,225.31991608691476
City: Las Vegas,5,750,147.06935316937864,110302.01487703399
City: Las Vegas,6,485,131.71734780032278,63882.91368315655
City: Las Vegas,7,1026,93.81385774644377,96253.0180478513
City: Las Vegas,8,1330,113.63831335343544,151138.95676006912
City: Las Vegas,9,281,185.76343920990175,52199.52641798239
City: Las Vegas,10,776,119.50250848956784,92733.94658790465
City: Las Vegas,11,1380,83.84228214224032,115702.34935629164
City: Las Vegas,12,677,111.10601159223198,75218.76984794105
"City: Washington, D.C.",1,1131,152.78163318172125,172796.02712852674
"City: Washington, D.C.",2,373,86.3048989449143,32191.727306453035
"City: Washington, D.C.",3,1105,138.63555789120528,153192.29146978183
"City: Washington, D.C.",4,691,115.11521150782858,79544.61115190954
"City: Washington, D.C.",5,1464,118.58350148542912,173606.24617466822
"City: Washington, D.C.",6,72,50.311107656615626,3622.399751276325
"City: Washington, D.C.",7,1083,81.98193575832232,88786.43642626307
"City: Washington, D.C.",8,1008,173.50035057224574,174888.3533768237
"City: Washington, D.C.",9,318,150.87568695208725,47978.46845076374
"City: Washington, D.C.",10,1398,197.57626148106684,276211.61355053145
"City: Washington, D.C.",11,673,131.73041396670726,88654.56859959399
"City: Washington, D.C.",12,300,148.54616990646872,44563.850971940614
City: Austin,1,586,125.10222425337963,73309.90341248046
City: Austin,2,1141,142.81352229546792,162950.2289391289
City: Austin,3,887,167.8955683393836,148923.36911703326
City: Austin,4,1070,83.49696131314612,89341.74860506634
City: Austin,5,374,120.40149300936562,45030.15838550274
City: Austin,6,563,51.39873687390784,28937.488860010115
City: Austin,7,397,76.52868756693816,30381.88896407445
City: Austin,8,989,171.12342417469682,169241.06650877517
City: Austin,9,900,197.35516127904066,177619.6451511366
City: Austin,10,1355,103.29458306540546,139964.1600536244
City: Austin,11,45,158.72351024409363,7142.557960984213
City: Austin,12,931,82.47971750318757,76788.61699546763
City: Nashville,1,567,161.32063985657538,91468.80279867824
City: Nashville,2,161,85.59856974169918,13781.369728413569
City: Nashville,3,957,145.3141631483541,139065.6541329749
City: Nashville,4,1304,67.07663974034331,87467.93822140768
City: Nashville,5,1262,143.59653942162697,181218.83275009325
City: Nashville,6,33,128.62049872632122,4244.4764579686
City: Nashville,7,1161,95.39081237121624,110748.73316298205
City: Nashville,8,191,119.44790738903808,22814.550311306273
City: Nashville,9,1254,65.3725803807648,81977.21579747906
City: Nashville,10,332,148.22614791875642,49211.08110902713
City: Nashville,11,480,193.51247164646233,92885.98639030191
City: Nashville,12,677,71.80377966083786,48611.158830387234
City: Orlando,1,1243,99.42148332406515,123580.90377181298
City: Orlando,2,1185,96.65584618027034,114537.17772362036
City: Orlando,3,1099,136.9504233353098,150508.5152455055
City: Orlando,4,563,101.53443988883913,57163.88965741643
City: Orlando,5,483,161.96745121864976,78230.27893860784
City: Orlando,6,1117,152.19610355786892,170003.04767413958
City: Orlando,7,1031,146.39295739652636,150931.13907581868
City: Orlando,8,99,134.97867943106274,13362.889263675212
City: Orlando,9,1213,81.6026799362192,98984.0507626339
City: Orlando,10,919,110.53152656994351,101578.47291777808
City: Orlando,11,1233,194.8087422738408,240199.1792236457
City: Orlando,12,700,134.72407897769233,94306.85528438463
City: New Orleans,1,579,170.85722756823455,98926.3347620078
City: New Orleans,2,1452,126.21454775250145,183263.5233366321
City: New Orleans,3,913,71.27373176786412,65072.91710405994
City: New Orleans,4,349,151.20634922519224,52771.015879592094
City: New Orleans,5,1104,64.34504746774918,71036.93240439509
City: New Orleans,6,56,191.19126851491455,10706.711036835215
City: New Orleans,7,787,130.07373185642024,102368.02697100272
City: New Orleans,8,867,50.038894315965685,43383.72137194225
City: New Orleans,9,1302,146.5544489572966,190813.89254240016
City: New Orleans,10,1056,118.95428015514575,125615.71984383391
City: New Orleans,11,591,109.85670538825556,64925.31288445904
City: New Orleans,12,1359,153.1327801524365,208107.44822716122
City: San Jose,1,745,56.91814864338428,42404.020739321284
City: San Jose,2,251,127.51816160154918,32007.058561988844
City: San Jose,3,495,60.341615422056734,29869.099633918082
City: San Jose,4,420,82.72814818594503,34745.82223809692
City: San Jose,5,1104,196.00368955561567,216388.0732693997
City: San Jose,6,1487,94.5756603097825,140634.0068806466
City: San Jose,7,1105,153.0709637739889,169143.41497025773
City: San Jose,8,596,175.95203647858492,104867.41374123661
City: San Jose,9,916,80.28235059886609,73538.63314856133
City: San Jose,10,415,92.37599310708336,38336.03713943959
City: San Jose,11,490,174.71481842920826,85610.26103031205
City: San Jose,12,153,110.06262037104017,16839.580916769144
City: Minneapolis,1,1060,149.7248208905882,158708.3101440235
City: Minneapolis,2,464,163.017039276714,75639.9062243953
City: Minneapolis,3,1192,164.1005548216594,195607.861347418
City: Minneapolis,4,82,190.0710799075241,15585.828552416977
City: Minneapolis,5,1410,161.14585232833008,227215.6517829454
City: Minneapolis,6,158,147.7494582771604,23344.41440779134
City: Minneapolis,7,383,190.5096126193989,72965.18163322977
City: Minneapolis,8,937,155.2719393366171,145489.80715841023
City: Minneapolis,9,1085,76.7422069275106,83265.294516349
City: Minneapolis,10,347,189.04516636256693,65598.67272781073
City: Minneapolis,11,1257,53.959810472957,67827.48176450696
City: Minneapolis,12,1013,51.5122527920981,52181.91207839538
City: Detroit,1,732,67.51606548649127,49421.75993611161
City: Detroit,2,8,177.10207177337492,1416.8165741869993
City: Detroit,3,976,66.9976423195661,65389.69890389651
City: Detroit,4,1219,55.898540848194436,68140.32129394902
City: Detroit,5,425,124.87914572896354,53073.6369348095
City: Detroit,6,1252,67.36245322080566,84337.79143244869
City: Detroit,7,194,109.0139521217396,21148.706711617484
City: Detroit,8,756,101.58046986460114,76794.83521763847
City: Detroit,9,572,66.76905777906146,38191.90104962315
City: Detroit,10,1409,69.69400755197861,98198.85664073787
City: Detroit,11,465,66.00087436484864,30690.40657965462
City: Detroit,12,1347,167.14046418207013,225138.20525324848
City: Portland,1,495,141.5618896172222,70073.13536052499
City: Portland,2,1021,156.50453117347803,159791.12632812106
City: Portland,3,971,128.17560059762775,124458.50818029654
City: Portland,4,1410,70.77780447316508,99796.70430716276
City: Portland,5,453,178.56306597062922,80889.06888469504
City: Portland,6,895,181.69166225738707,162614.03772036143
City: Portland,7,1241,52.32682620538063,64937.591320877356
City: Portland,8,798,191.64708728419987,152934.3756527915
City: Portland,9,1254,78.01832960414575,97834.98532359877
City: Portland,10,393,118.08172421713627,46406.11761733455
City: Portland,11,366,97.7099517422378,35761.842337659036
City: Portland,12,13,147.38448621693774,1915.9983208201907
City: Charlotte,1,696,57.664727140764114,40134.65008997182
City: Charlotte,2,1148,82.0502988131332,94193.7430374769
City: Charlotte,3,1244,139.74859994841347,173847.25833582637
City: Charlotte,4,253,163.94186388926303,41477.29156398355
City: Charlotte,5,607,150.742515265075,91500.70676590053
City: Charlotte,6,701,168.89988564460057,118398.819836865
City: Charlotte,7,601,62.982449895438286,37852.45238715841
City: Charlotte,8,968,181.43179472005005,175625.97728900844
City: Charlotte,9,1428,161.0165957833168,229931.6987785764
City: Charlotte,10,936,102.39043007028116,95837.44254578317
City: Charlotte,11,1483,122.59649193455515,181810.5975389453
City: Charlotte,12,344,165.14590024840828,56810.189685452446
City: Indianapolis,1,1258,126.42854021251239,159047.1035873406
City: Indianapolis,2,903,133.21357066780763,120291.85431303029
City: Indianapolis,3,1033,126.88881334349418,131076.14418382948
City: Indianapolis,4,1254,94.37276695700217,118343.44976408072
City: Indianapolis,5,202,151.81200857989438,30666.025733138664
City: Indianapolis,6,565,188.20637163235526,106336.59997228072
City: Indianapolis,7,1313,51.74124165667703,67936.25029521695
City: Indianapolis,8,549,107.6384989348586,59093.53591523737
City: Indianapolis,9,199,90.80141215971265,18069.48101978282
City: Indianapolis,10,1127,182.4643663285485,205637.34085227415
City: Indianapolis,11,1033,102.3754968652265,105753.88826177896
City: Indianapolis,12,1404,111.83592109410515,157017.63321612362
City: Jacksonville,1,454,132.9274407737815,60349.05811129681
City: Jacksonville,2,1107,102.83415384354538,113837.40830480473
City: Jacksonville,3,1277,168.98072024000513,215788.37974648655
City: Jacksonville,4,1096,131.7992206577182,144451.94584085915
City: Jacksonville,5,293,63.94915047466295,18737.101089076245
City: Jacksonville,6,160,57.5056899743021,9200.910395888335
City: Jacksonville,7,779,118.4170725862161,92246.89954466233
City: Jacksonville,8,495,196.0382497031132,97038.93360304103
City: Jacksonville,9,1246,199.3787376435622,248425.9071038785
City: Jacksonville,10,958,199.3150893117029,190943.85556061138
City: Jacksonville,11,1254,69.15138604760098,86715.83810369163
City: Jacksonville,12,872,153.4880505904141,133841.5801148411
City: Columbus,1,1078,64.20816609108373,69216.40304618825
City: Columbus,2,63,144.05108394683737,9075.218288650754
City: Columbus,3,316,194.99528191821898,61618.509086157195
City: Columbus,4,1199,65.11899273078348,78077.67228420939
City: Columbus,5,518,101.18598125997138,52414.338292665176
City: Columbus,6,1126,83.96687190289992,94546.69776266531
City: Columbus,7,755,148.63234686281237,112217.42188142333
City: Columbus,8,892,58.20607320175423,51919.81729596477
City: Columbus,9,1256,74.993150323105,94191.39680581988
City: Columbus,10,1084,62.775541232533534,68048.68669606635
City: Columbus,11,963,144.34958354061683,139008.648949614
City: Columbus,12,401,59.045843950663894,23677.383424216223
City: Memphis,1,1258,171.93187195576715,216290.29492035508
City: Memphis,2,1354,172.75127501458326,233905.22636974574
City: Memphis,3,129,171.67270155815987,22145.778501002624
City: Memphis,4,0,160.985214806034,0.0
City: Memphis,5,1010,168.18914331019118,169871.0347432931
City: Memphis,6,987,69.2105363114699,68310.79933942079
City: Memphis,7,438,189.39968053232855,82957.0600731599
City: Memphis,8,949,162.3793633459963,154098.0158153505
City: Memphis,9,1499,96.42213873487223,144536.7859635735
City: Memphis,10,355,65.46859051917295,23241.349634306396
City: Memphis,11,930,120.85018024892445,112390.66763149973
City: Memphis,12,834,97.82455170541661,81585.67612231745
City: Baltimore,1,802,91.44014435037371,73334.99576899972
City: Baltimore,2,852,151.71008889131676,129256.99573540188
City: Baltimore,3,976,130.6593847828429,127523.55954805466
City: Baltimore,4,1372,162.73513450537735,223272.60454137772
City: Baltimore,5,425,96.10988632083476,40846.701686354776
City: Baltimore,6,318,122.26868197683267,38881.44086863279
City: Baltimore,7,1208,78.92833747193217,95345.43166609405
City: Baltimore,8,342,193.6461873660148,66226.99607917706
City: Baltimore,9,905,162.69290526169146,147237.07926183078
City: Baltimore,10,637,104.81825605219124,66769.22910524582
City: Baltimore,11,832,145.96088153498468,121439.45343710725
City: Baltimore,12,979,77.44775275080673,75821.3499430398
City: Milwaukee,1,960,161.46769880073333,155008.990848704
City: Milwaukee,2,480,128.53864840233962,61698.55123312301
City: Milwaukee,3,382,164.1834572075257,62718.08065327482
City: Milwaukee,4,77,166.99459873554474,12858.584102636945
City: Milwaukee,5,626,136.60984401008085,85517.76235031062
City: Milwaukee,6,317,176.1197012573382,55829.945298576204
City: Milwaukee,7,1357,186.24955832509406,252740.65064715262
City: Milwaukee,8,564,186.09609029196773,104958.19492466979
City: Milwaukee,9,892,167.49541738815327,149405.91231023273
City: Milwaukee,10,36,77.97724078270716,2807.180668177458
City: Milwaukee,11,841,171.37496233060205,144126.3433200363
City: Milwaukee,12,372,123.97249227554418,46117.76712650243
City: Fort Worth,1,1325,58.3726974729519,77343.82415166126
City: Fort Worth,2,127,178.66678412382535,22690.68158372582
City: Fort Worth,3,886,126.26456138984015,111870.40139139838
City: Fort Worth,4,485,99.31948905827072,48169.9521932613
City: Fort Worth,5,260,195.10423566198384,50727.1012721158
City: Fort Worth,6,1282,193.18169601630018,247658.93429289683
City: Fort Worth,7,347,123.92676197122697,43002.586404015754
City: Fort Worth,8,648,156.98104631792606,101723.71801401609
City: Fort Worth,9,229,161.2314675685284,36922.006073193
City: Fort Worth,10,288,117.06170693878924,33713.7715983713
City: Fort Worth,11,1157,152.15529098616747,176043.67167099577
City: Fort Worth,12,1321,87.096283994201,115054.19115633953
City: Louisville,1,1030,151.7745433325361,156327.7796325122
City: Louisville,2,703,82.11147643894896,57724.36793658112
City: Louisville,3,547,96.91858092390439,53014.4637653757
City: Louisville,4,90,98.66092534901227,8879.483281411105
City: Louisville,5,366,130.62496739910785,47808.73806807347
City: Louisville,6,374,184.56128643051008,69025.92112501078
City: Louisville,7,703,80.38213617537062,56508.64173128555
City: Louisville,8,1017,159.55171071611926,162264.08979829328
City: Louisville,9,1134,87.05434435210908,98719.6264952917
City: Louisville,10,174,189.09253563679704,32902.10120080269
City: Louisville,11,1411,136.48624044515927,192582.08526811973
City: Louisville,12,736,138.8717434964115,102209.60321335887
City: Albuquerque,1,986,185.68731980900537,183087.6973316793
City: Albuquerque,2,948,115.52343483704946,109516.21622552289
City: Albuquerque,3,1304,195.58799730111207,255046.74848065013
City: Albuquerque,4,657,102.9667757461134,67649.1716651965
City: Albuquerque,5,551,141.4021989020107,77912.6115950079
City: Albuquerque,6,385,108.74372507044097,41866.33415211977
City: Albuquerque,7,113,164.34081677712692,18570.51229581534
City: Albuquerque,8,669,104.10207988051246,69644.29144006284
City: Albuquerque,9,878,57.78965821691083,50739.31991444771
City: Albuquerque,10,126,134.21047824692505,16910.520259112556
City: Albuquerque,11,810,86.42439630364524,70003.76100595265
City: Albuquerque,12,241,159.96080299273757,38550.553521249756
City: Tucson,1,319,100.46184998970425,32047.330146715656
City: Tucson,2,1431,195.89141736470805,280320.6182488972
City: Tucson,3,1372,172.80900320159145,237093.95239258348
City: Tucson,4,496,173.42555058428883,86019.07308980727
City: Tucson,5,652,148.0346770147782,96518.60941363538
City: Tucson,6,568,128.77204534766344,73142.52175747283
City: Tucson,7,377,155.9222197446179,58782.676843720954
City: Tucson,8,911,181.8267517178224,165644.1708149362
City: Tucson,9,493,168.22933348179293,82937.06140652392
City: Tucson,10,1340,199.13091845243278,266835.43072625995
City: Tucson,11,986,144.39328846012808,142371.78242168628
City: Tucson,12,123,158.81605573921993,19534.374855924052
City: Fresno,1,861,150.28136090054312,129392.25173536762
City: Fresno,2,1022,137.83982065778906,140872.29671226043
City: Fresno,3,324,118.43515289402326,38372.98953766354
City: Fresno,4,342,113.04649734594659,38661.902092313736
City: Fresno,5,527,148.78124976149297,78407.7186243068
City: Fresno,6,349,86.02591468789505,30023.044226075373
City: Fresno,7,839,161.42895471501492,135438.89300589752
City: Fresno,8,1450,50.75581685847658,73595.93444479104
City: Fresno,9,1117,187.1053049643793,208996.62564521166
City: Fresno,10,273,155.10493859314425,42343.648235928384
City: Fresno,11,830,115.27218649473939,95675.91479063369
City: Fresno,12,720,144.08727566619328,103742.83847965916
City: Sacramento,1,636,111.60035934155017,70977.82854122591
City: Sacramento,2,590,105.95686470644647,62514.550176803416
City: Sacramento,3,1280,74.16968807213178,94937.20073232867
City: Sacramento,4,52,167.31099695910683,8700.171841873555
City: Sacramento,5,1157,67.20834798407408,77760.05861757371
City: Sacramento,6,1044,86.02597573052188,89811.11866266484
City: Sacramento,7,65,62.201775283575465,4043.115393432405
City: Sacramento,8,340,173.55812480992142,59009.76243537328
City: Sacramento,9,1296,63.33560442146311,82082.94333021619
City: Sacramento,10,120,65.87845667021728,7905.414800426073
City: Sacramento,11,1049,115.05548328956046,120693.20197074892
City: Sacramento,12,142,178.16525321842585,25299.46595701647
City: Long Beach,1,1441,142.86459284691747,205867.87829240807
City: Long Beach,2,1120,87.41568189702909,97905.56372467258
City: Long Beach,3,1141,119.15478172437489,135955.60594751174
City: Long Beach,4,1498,177.89880736791372,266492.41343713476
City: Long Beach,5,1228,173.9816764586573,213649.49869123116
City: Long Beach,6,666,88.79862008902603,59139.88097929134
City: Long Beach,7,735,61.80150335988075,45424.10496951235
City: Long Beach,8,172,78.71571793005101,13539.103483968775
City: Long Beach,9,1011,139.73688734370847,141273.99310448926
City: Long Beach,10,653,165.13344110799306,107832.13704351947
City: Long Beach,11,555,101.98704743329048,56602.81132547622
City: Long Beach,12,257,67.14761231288696,17256.93636441195
City: Kansas City,1,1402,57.1031423865808,80058.60562598628
City: Kansas City,2,1212,190.36407691301002,230721.26121856814
City: Kansas City,3,788,113.21543667088241,89213.76409665534
City: Kansas City,4,359,198.12907380707009,71128.33749673817
City: Kansas City,5,124,72.82322916188764,9030.080416074066
City: Kansas City,6,895,187.57949194967824,167883.645294962
City: Kansas City,7,588,165.06715736795366,97059.48853235674
City: Kansas City,8,553,153.0761825351642,84651.1289419458
City: Kansas City,9,269,75.78044740007338,20384.94035061974
City: Kansas City,10,503,145.98693331025294,73431.42745505723
City: Kansas City,11,806,140.58023485524274,113307.66929332564
City: Kansas City,12,1268,141.48192500197615,179399.08090250575
City: Mesa,1,1074,188.33136337813073,202267.8842681124
City: Mesa,2,922,100.48644683334894,92648.50398034771
City: Mesa,3,36,187.41687727761692,6747.007581994209
City: Mesa,4,1354,53.173463980598115,71996.87022972984
City: Mesa,5,1095,118.3357277685068,129577.62190651495
City: Mesa,6,1224,118.09809777814974,144552.07168045526
City: Mesa,7,806,130.9508154159579,105546.35722526207
City: Mesa,8,1455,58.58886982355347,85246.8055932703
City: Mesa,9,731,87.65859099568043,64078.430017842395
City: Mesa,10,411,56.87469821543711,23375.500966544652
City: Mesa,11,1460,198.14212102435914,289287.49669556436
City: Mesa,12,1319,93.53271251448632,123369.64780660746
City: Virginia Beach,1,825,66.0580442104808,54497.886473646664
City: Virginia Beach,2,1180,97.32973448062154,114849.08668713341
City: Virginia Beach,3,924,93.79221721813127,86664.0087095533
City: Virginia Beach,4,747,90.84723891733552,67862.88747124963
City: Virginia Beach,5,105,138.44610630492525,14536.841162017152
City: Virginia Beach,6,1055,198.55027044618157,209470.53532072157
City: Virginia Beach,7,527,111.11543724822232,58557.83542981316
City: Virginia Beach,8,598,63.851678064955735,38183.30348284353
City: Virginia Beach,9,570,120.41447982420871,68636.25349979897
City: Virginia Beach,10,993,135.13200056819818,134186.0765642208
City: Virginia Beach,11,192,111.89550775416494,21483.937488799667
City: Virginia Beach,12,643,56.68163198020768,36446.28936327354
City: Atlanta,1,222,194.44398845083688,43166.56543608579
City: Atlanta,2,516,83.91939478231379,43302.40770767391
City: Atlanta,3,95,99.70201721234255,9471.691635172543
City: Atlanta,4,1491,77.36309899012196,115348.38059427183
City: Atlanta,5,1400,99.23178099568037,138924.49339395252
City: Atlanta,6,85,83.31837177303524,7082.061600707995
City: Atlanta,7,312,157.14212742792762,49028.343757513416
City: Atlanta,8,382,185.43483712397037,70836.10778135668
City: Atlanta,9,857,131.20609015056482,112443.61925903405
City: Atlanta,10,744,119.80689042389943,89136.32647538118
City: Atlanta,11,1430,108.54948015222456,155225.75661768112
City: Atlanta,12,352,67.60069122213379,23795.443310191094
City: Colorado Springs,1,928,80.86124511058372,75039.2354626217
City: Colorado Springs,2,801,87.3408138886731,69959.99192482715
City: Colorado Springs,3,1101,118.53275411014712,130504.56227527198
City: Colorado Springs,4,568,125.312336426193,71177.40709007763
City: Colorado Springs,5,1413,92.45167799975764,130634.22101365754
City: Colorado Springs,6,845,179.2190879028244,151440.12927788662
City: Colorado Springs,7,1200,70.64290233069202,84771.48279683043
City: Colorado Springs,8,319,181.52833238084273,57907.53802948883
City: Colorado Springs,9,1203,60.687564917815045,73007.1405961315
City: Colorado Springs,10,819,87.09828134836573,71333.49242431154
City: Colorado Springs,11,1220,92.44772927373711,112786.22971395927
City: Colorado Springs,12,1072,172.64840363919959,185079.08870122195
City: Omaha,1,15,138.3503573850307,2075.2553607754603
City: Omaha,2,563,104.7935819915184,58998.786661224854
City: Omaha,3,78,72.97834281755391,5692.310739769205
City: Omaha,4,303,85.23623086599406,25826.5779523962
City: Omaha,5,1499,160.9352009019646,241241.86615204494
City: Omaha,6,802,141.7693613853522,113699.02783105246
City: Omaha,7,71,142.18298360804226,10094.991836171
City: Omaha,8,157,63.80075671975506,10016.718805001545
City: Omaha,9,1143,132.89361087842474,151897.39723403947
City: Omaha,10,731,182.47253022087855,133387.4195914622
City: Omaha,11,972,195.3211509000382,189852.15867483712
City: Omaha,12,729,180.6188970755238,131671.17596805684
City: Raleigh,1,21,108.36967189052112,2275.7631097009435
City: Raleigh,2,1405,66.49341738486541,93423.2514257359
City: Raleigh,3,412,163.10965016026955,67201.17586603106
City: Raleigh,4,617,182.47316826579547,112585.9448199958
City: Raleigh,5,91,162.75876235725136,14811.047374509873
City: Raleigh,6,1099,105.46065789693851,115901.26302873543
City: Raleigh,7,1454,74.00405871972809,107601.90137848465
City: Raleigh,8,1275,87.36581197766284,111391.41027152013
City: Raleigh,9,1399,137.0918168196439,191791.45173068182
City: Raleigh,10,862,134.56568634960746,115995.62163336163
City: Raleigh,11,283,159.27216017053522,45074.021328261464
City: Raleigh,12,736,183.06023747675803,134732.33478289391
City: Miami Beach,1,722,196.00783567106475,141517.65735450876
City: Miami Beach,2,796,59.11819116681917,47058.08016878806
City: Miami Beach,3,180,176.24689157718942,31724.440483894094
City: Miami Beach,4,717,65.21093558645474,46756.24081548805
City: Miami Beach,5,577,195.0929016136183,112568.60423105776
City: Miami Beach,6,389,173.02521061379719,67306.80692876711
City: Miami Beach,7,862,138.08621578930894,119030.3180103843
City: Miami Beach,8,609,69.80970363075352,42514.10951112889
City: Miami Beach,9,1481,106.49880138748779,157724.72485486942
City: Miami Beach,10,238,170.31650983150539,40535.32933989828
City: Miami Beach,11,699,109.46781459641824,76518.00240289635
City: Miami Beach,12,1250,146.22929844689838,182786.62305862296
City: Oakland,1,449,60.04870981164126,26961.870705426925
City: Oakland,2,140,108.24049621558362,15153.669470181707
City: Oakland,3,1165,91.51156876189549,106610.97760760825
City: Oakland,4,1217,73.67953817007019,89667.99795297542
City: Oakland,5,1072,71.9949517823085,77178.58831063472
City: Oakland,6,1390,124.72201035048067,173363.59438716812
City: Oakland,7,76,197.52160282737827,15011.64181488075
City: Oakland,8,1078,179.49777244853885,193498.59869952488
City: Oakland,9,622,187.89848551640233,116872.85799120225
City: Oakland,10,750,85.79413130327376,64345.59847745532
City: Oakland,11,417,69.52295130073331,28991.070692405792
City: Oakland,12,1077,158.6919532461508,170911.2336461044
City: Tulsa,1,907,161.87219302058907,146818.07906967428
City: Tulsa,2,905,175.89011197451867,159180.5513369394
City: Tulsa,3,1198,149.25684577349634,178809.7012366486
City: Tulsa,4,571,157.9111842295444,90167.28619506986
City: Tulsa,5,784,91.00697302992086,71349.46685545795
City: Tulsa,6,250,98.98274810650364,24745.68702662591
City: Tulsa,7,1158,159.59244619604272,184808.05269501745
City: Tulsa,8,17,100.95750796834619,1716.2776354618852
City: Tulsa,9,446,95.92968116099962,42784.63779780583
City: Tulsa,10,779,60.57668237840619,47189.23557277842
City: Tulsa,11,648,174.22773998497732,112899.5755102653
City: Tulsa,12,913,95.99709500696342,87645.3477413576
City: Cleveland,1,951,192.2506467368297,182830.36504672506
City: Cleveland,2,1226,115.03809602797529,141036.7057302977
City: Cleveland,3,176,151.3516264524958,26637.88625563926
City: Cleveland,4,472,74.99595191243172,35398.08930266777
City: Cleveland,5,673,68.49929214675406,46100.02361476548
City: Cleveland,6,133,137.95945665145587,18348.60773464363
City: Cleveland,7,970,93.34810638042222,90547.66318900956
City: Cleveland,8,184,157.09059608169397,28904.669679031693
City: Cleveland,9,299,189.02051138051434,56517.13290277379
City: Cleveland,10,993,101.34472625427546,100635.31317049553
City: Cleveland,11,1038,92.71280939978047,96235.89615697213
City: Cleveland,12,1477,92.82183323892936,137097.84769389866
City: Wichita,1,1054,61.90961617806049,65252.735451675755
City: Wichita,2,1313,154.77686433592692,203222.02287307204
City: Wichita,3,752,70.73764821602241,53194.71145844885
City: Wichita,4,614,62.150870126760935,38160.63425783122
City: Wichita,5,1268,92.77114945581778,117633.81750997694
City: Wichita,6,1278,136.18989816043342,174050.6898490339
City: Wichita,7,333,107.07081307146942,35654.58075279932
City: Wichita,8,388,187.490536310242,72746.32808837389
City: Wichita,9,1449,97.17589119636877,140807.86634353834
City: Wichita,10,961,106.98442298359592,102812.03048723568
City: Wichita,11,778,112.98607022152368,87903.16263234543
City: Wichita,12,562,123.92331207800004,69644.90138783603
City: Arlington,1,616,121.7458423934313,74995.43891435368
City: Arlington,2,320,87.19662708828761,27902.920668252038
City: Arlington,3,1456,198.59081265122472,289148.2232201832
City: Arlington,4,1392,141.84743649154694,197451.63159623335
City: Arlington,5,1107,99.12813253735789,109734.84271885517
City: Arlington,6,1218,123.59381992862275,150537.2726730625
City: Arlington,7,223,181.23670987201248,40415.786301458786
City: Arlington,8,832,142.11563743210115,118240.21034350817
City: Arlington,9,820,75.63523546839158,62020.8930840811
City: Arlington,10,234,121.7652765131629,28493.074704080118
City: Arlington,11,1257,156.6257284531223,196878.54066557472
City: Arlington,12,736,153.28981105253573,112821.30093466629
City: Tampa,1,1201,116.3029990305959,139679.90183574567
City: Tampa,2,471,168.12305921335235,79185.96088948895
City: Tampa,3,138,176.3556336811279,24337.07744799565
City: Tampa,4,36,137.77438417785723,4959.87783040286
City: Tampa,5,711,51.15850191575405,36373.69486210113
City: Tampa,6,274,99.58758734683099,27286.99893303169
City: Tampa,7,472,102.22182581093037,48248.70178275913
City: Tampa,8,1213,119.50620856632382,144961.0309909508
City: Tampa,9,480,118.49157708951563,56875.9570029675
City: Tampa,10,1069,110.45266415227344,118073.89797878031
City: Tampa,11,908,83.31184656243559,75647.15667869152
City: Tampa,12,815,57.44963956698746,46821.45624709478
City: Bakersfield,1,667,189.1414386875273,126157.33960458072
City: Bakersfield,2,484,176.04746237020316,85206.97178717834
City: Bakersfield,3,650,147.084212690863,95604.73824906096
City: Bakersfield,4,557,97.6170320896785,54372.68687395092
City: Bakersfield,5,67,147.28452400680936,9868.063108456226
City: Bakersfield,6,365,144.29697187005337,52668.39473256948
City: Bakersfield,7,1359,186.89594421231178,253991.5881845317
City: Bakersfield,8,307,63.32189788070055,19439.822649375066
City: Bakersfield,9,72,55.47347186315935,3994.089974147473
City: Bakersfield,10,376,62.91592960167348,23656.38953022923
City: Bakersfield,11,275,110.33801017711778,30342.95279870739
City: Bakersfield,12,174,170.53657995948856,29673.36491295101
City: Aurora,1,1146,100.77839814702949,115492.0442764958
City: Aurora,2,1028,197.06637474876842,202584.23324173395
City: Aurora,3,648,189.56739811662882,122839.67397957548
City: Aurora,4,1301,81.84283264910356,106477.52527648372
City: Aurora,5,1343,130.99364247968202,175924.46185021295
City: Aurora,6,93,104.31986896193516,9701.74781345997
City: Aurora,7,1425,141.22964642807136,201252.2461600017
City: Aurora,8,1216,181.00167434562533,220098.0360042804
City: Aurora,9,1367,76.3330035747559,104347.21588669132
City: Aurora,10,1159,75.34838076125956,87328.77330229983
City: Aurora,11,538,122.97198928398197,66158.9302347823
City: Aurora,12,830,121.95009539804174,101218.57918037464
City: New York City,1,75,177.6790532801637,13325.928996012279
City: New York City,2,1291,84.83348708249565,109520.03182350188
City: New York City,3,1119,164.7515951065646,184357.0349242458
City: New York City,4,679,83.53202563291458,56718.245404749
City: New York City,5,93,76.34461932680155,7100.0495973925445
City: New York City,6,405,128.35549205915692,51983.97428395855
City: New York City,7,588,95.20441800243879,55980.19778543401
City: New York City,8,170,148.38661396121972,25225.724373407353
City: New York City,9,247,104.01032018756166,25690.54908632773
City: New York City,10,1334,89.15682999625307,118935.21121500159
City: New York City,11,153,51.39354841860177,7863.212908046071
City: New York City,12,823,62.44566613394575,51392.78322823735
City: Los Angeles,1,154,136.32199046866225,20993.586532173988
City: Los Angeles,2,1373,141.99094145527658,194953.56261809476
City: Los Angeles,3,336,187.48420817889178,62994.69394810764
City: Los Angeles,4,101,156.26033407662518,15782.293741739144
City: Los Angeles,5,475,61.503806902226906,29214.30827855778
City: Los Angeles,6,1296,183.54278714282393,237871.4521370998
City: Los Angeles,7,389,194.01922790424055,75473.47965474958
City: Los Angeles,8,23,124.52344175765286,2864.0391604260158
City: Los Angeles,9,714,118.47118899518148,84588.42894255958
City: Los Angeles,10,448,114.07208219687664,51104.29282420073
City: Los Angeles,11,426,120.19700828755326,51203.92553049769
City: Los Angeles,12,45,139.24644620797613,6266.090079358926
City: Chicago,1,331,156.47268465958916,51792.45862232401
City: Chicago,2,914,128.99518568802193,117901.59971885204
City: Chicago,3,293,146.81944847398705,43018.098402878204
City: Chicago,4,1344,129.06755157860033,173466.78932163885
City: Chicago,5,476,139.91481256130416,66599.45077918078
City: Chicago,6,400,185.76882226510497,74307.52890604199
City: Chicago,7,923,91.67118429034375,84612.50309998728
City: Chicago,8,1193,98.03481383725772,116955.53290784845
City: Chicago,9,1142,78.40142254364125,89534.4245448383
City: Chicago,10,729,93.51036814535645,68169.05837796486
City: Chicago,11,177,124.1686614997718,21977.85308545961
City: Chicago,12,1141,79.6417235854764,90871.20661102857
City: Houston,1,2,65.08380277909588,130.16760555819175
City: Houston,2,1102,160.3451166353908,176700.31853220068
City: Houston,3,14,88.34935366268567,1236.8909512775995
City: Houston,4,387,54.74375226358522,21185.83212600748
City: Houston,5,184,78.19454503730407,14387.796286863948
City: Houston,6,413,152.18420218426706,62852.0755021023
City: Houston,7,129,81.91008860535119,10566.401430090304
City: Houston,8,1224,198.43338407019183,242882.4621019148
City: Houston,9,1055,151.89174009411843,160245.78579929494
City: Houston,10,786,81.64385211422439,64172.06776178037
City: Houston,11,16,104.18011163830988,1666.881786212958
City: Houston,12,1029,111.10373002375988,114325.73819444892
City: Phoenix,1,640,181.10139464390696,115904.89257210045
City: Phoenix,2,309,170.17712811541256,52584.73258766248
City: Phoenix,3,997,85.98875810164168,85730.79182733675
City: Phoenix,4,929,60.509960084200245,56213.752918222024
City: Phoenix,5,659,196.63290984182845,129581.08758576495
City: Phoenix,6,647,161.02387379726576,104182.44634683096
City: Phoenix,7,180,171.66902566869553,30900.424620365193
City: Phoenix,8,1036,75.85484005079161,78585.6142926201
City: Phoenix,9,1447,125.96442523948828,182270.52332153954
City: Phoenix,10,1151,145.14094382809418,167057.2263461364
City: Phoenix,11,871,131.01552150970483,114114.51923495291
City: Phoenix,12,95,138.61214618209,13168.15388729855
City: Philadelphia,1,611,101.87501579202385,62245.63464892657
City: Philadelphia,2,198,120.58319096766861,23875.471811598385
City: Philadelphia,3,1450,172.34620369679342,249901.99536035047
City: Philadelphia,4,966,181.8510267503348,175668.0918408234
City: Philadelphia,5,166,172.50582927937543,28635.967660376322
City: Philadelphia,6,1225,109.52811389793814,134171.9395249742
City: Philadelphia,7,1366,195.47485423734665,267018.6508882155
City: Philadelphia,8,515,92.89979355025487,47843.39367838126
City: Philadelphia,9,582,187.57217284062844,109167.00459324576
City: Philadelphia,10,1242,194.76706567975265,241900.69557425278
City: Philadelphia,11,1301,58.72536691792233,76401.70236021695
City: Philadelphia,12,91,130.5440729874063,11879.510641853974
City: San Antonio,1,792,112.29882713959734,88940.67109456108
City: San Antonio,2,686,161.12273853467815,110530.19863478921
City: San Antonio,3,1457,170.33137601492098,248172.81485373987
City: San Antonio,4,622,83.19008979442538,51744.23585213258
City: San Antonio,5,397,118.52182192135037,47053.1633027761
City: San Antonio,6,871,171.35068550676195,149246.44707638965
City: San Antonio,7,1312,176.13065785474657,231083.4231054275
City: San Antonio,8,50,69.37390791137145,3468.695395568572
City: San Antonio,9,1149,92.21147188925897,105950.98120075856
City: San Antonio,10,1335,160.12577258402078,213767.90639966773
City: San Antonio,11,144,86.5805606339378,12467.600731287042
City: San Antonio,12,942,198.1527214220762,186659.86357959578
City: San Diego,1,238,91.72874914176015,21831.442295738914
City: San Diego,2,1318,169.32006635764537,223163.84745937662
City: San Diego,3,680,179.37193745354477,121972.91746841045
City: San Diego,4,1164,184.5350686243978,214798.81987879906
City: San Diego,5,717,153.53998754336607,110088.17106859347
City: San Diego,6,469,90.74502052791031,42559.41462758994
City: San Diego,7,757,62.29813281946589,47159.68654433568
City: San Diego,8,491,84.18178492007402,41333.25639575635
City: San Diego,9,1078,93.61745816271292,100919.61989940453
City: San Diego,10,1072,168.40220775186057,180527.16670999455
City: San Diego,11,1160,145.99534375741993,169354.5987586071
City: San Diego,12,205,102.61446899667692,21035.96614431877
City: Dallas,1,662,77.29593411714728,51169.9083855515
City: Dallas,2,396,105.63089431088844,41829.83414711182
City: Dallas,3,887,180.36355639980604,159982.47452662795
City: Dallas,4,592,116.00744933959513,68676.41000904031
City: Dallas,5,1289,83.16144571371427,107195.10352497769
City: Dallas,6,640,186.93409479296807,119637.82066749956
City: Dallas,7,1044,175.75850956974844,183491.88399081738
City: Dallas,8,1186,187.25742212157704,222087.30263619038
City: Dallas,9,402,133.1068168164045,53508.9403601946
City: Dallas,10,1220,191.13860543124258,233189.09862611594
City: Dallas,11,300,160.57243231535347,48171.72969460604
City: Dallas,12,484,147.88538522826917,71576.52645048228
City: San Francisco,1,786,199.81551217282527,157054.99256784067
City: San Francisco,2,192,106.48833565928201,20445.760446582146
City: San Francisco,3,565,86.66504910247401,48965.75274289782
City: San Francisco,4,236,86.41970330140313,20395.049979131138
City: San Francisco,5,684,150.51764831373916,102954.07144659759
City: San Francisco,6,33,125.20538858051441,4131.7778231569755
City: San Francisco,7,412,197.8824446092969,81527.56717903032
City: San Francisco,8,483,149.73883703289403,72323.85828688781
City: San Francisco,9,558,88.3344196676075,49290.60617452499
City: San Francisco,10,904,131.9545773453091,119286.93792015943
City: San Francisco,11,962,54.36044384216784,52294.746976165465
City: San Francisco,12,288,136.182660112495,39220.60611239856
City: Miami,1,873,166.70675423326816,145534.9964456431
City: Miami,2,111,97.25583765317015,10795.397979501886
City: Miami,3,904,139.57959891474883,126179.95741893294
City: Miami,4,213,114.68380944523169,24427.65141183435
City: Miami,5,1212,199.88264431565852,242257.76491057815
City: Miami,6,135,166.3894835528189,22462.58027963055
City: Miami,7,930,88.42935384432866,82239.29907522566
City: Miami,8,1331,67.46613896263959,89797.43095927329
City: Miami,9,1422,78.13333700448597,111105.60522037905
City: Miami,10,489,162.57041768400097,79496.93424747647
City: Miami,11,844,170.60814979777962,143993.278429326
City: Miami,12,447,195.54652842748789,87409.29820708708
City: Atlanta,1,325,106.48423536542123,34607.3764937619
City: Atlanta,2,116,198.8257477519246,23063.786739223255
City: Atlanta,3,995,87.2683770295059,86832.03514435836
City: Atlanta,4,1077,120.04300708820914,129286.31863400125
City: Atlanta,5,522,154.656783925067,80730.84120888497
City: Atlanta,6,421,177.9551272245971,74919.10856155537
City: Atlanta,7,82,134.94082371824038,11065.147544895712
City: Atlanta,8,957,170.62289054522893,163286.10625178408
City: Atlanta,9,360,60.271982272083214,21697.91361794996
City: Atlanta,10,843,119.67585953178207,100886.74958529229
City: Atlanta,11,54,84.93409237599391,4586.4409883036715
City: Atlanta,12,1111,98.26852998011786,109176.33680791095
City: Boston,1,740,72.02800813957678,53300.72602328682
City: Boston,2,1001,152.0670217498213,152219.0887715711
City: Boston,3,518,192.78179545356323,99860.97004494576
City: Boston,4,385,104.58822189497172,40266.465429564116
City: Boston,5,704,67.60122420388149,47591.26183953257
City: Boston,6,276,147.3901571059647,40679.68336124626
City: Boston,7,769,114.15604040714322,87785.99507309315
City: Boston,8,1413,123.89300679079341,175060.8185953911
City: Boston,9,1382,85.15371473137903,117682.43375876581
City: Boston,10,857,82.36855946848965,70589.85546449563
City: Boston,11,331,119.40380909573616,39522.66081068867
City: Boston,12,1172,90.64281119023335,106233.37471495348
City: Seattle,1,689,67.44582776809928,46470.1753322204
City: Seattle,2,1136,128.02871371504324,145440.6187802891
City: Seattle,3,203,193.3735245744773,39254.825488618895
City: Seattle,4,891,133.016855559217,118518.01830326235
City: Seattle,5,839,105.56545099266151,88569.413382843
City: Seattle,6,1447,135.7792692990755,196472.60267576226
City: Seattle,7,515,97.569438277401,50248.26071286152
City: Seattle,8,513,125.07605071235497,64164.0140154381
City: Seattle,9,33,149.1738051271959,4922.735569197464
City: Seattle,10,130,78.91143044566066,10258.485957935885
City: Seattle,11,1423,149.44160459340634,212655.40333641722
City: Seattle,12,96,80.58422558692072,7736.0856563443895
City: Denver,1,1074,94.63513080510226,101638.13048467983
City: Denver,2,51,117.92662795950093,6014.258025934548
City: Denver,3,477,129.33116091762025,61690.96375770486
City: Denver,4,327,139.05326775696636,45470.418556528
City: Denver,5,814,148.21889174834888,120650.177883156
City: Denver,6,5,168.64930155152956,843.2465077576478
City: Denver,7,106,59.33934910799826,6289.9710054478155
City: Denver,8,1500,138.2857292082745,207428.59381241174
City: Denver,9,591,159.51697367813068,94274.53144377524
City: Denver,10,720,91.44610181706314,65841.19330828545
City: Denver,11,813,84.14823657731245,68412.51633735502
City: Denver,12,1118,109.89000787174466,122857.02880061053
City: Las Vegas,1,1377,187.7598584371325,258545.32506793144
City: Las Vegas,2,231,194.23508348184285,44868.3042843057
City: Las Vegas,3,226,96.22711295383087,21747.327527565776
City: Las Vegas,4,1458,57.30808335962335,83555.18553833084
City: Las Vegas,5,1336,59.64380718452621,79684.12639852702
City: Las Vegas,6,440,114.29185465062777,50288.416046276216
City: Las Vegas,7,1101,150.2880624397846,165467.15674620285
City: Las Vegas,8,30,50.4660059074539,1513.980177223617
City: Las Vegas,9,1495,178.95702061849948,267540.74582465674
City: Las Vegas,10,917,125.9665090549731,115511.28880341034
City: Las Vegas,11,983,168.12731243982768,165269.14812835061
City: Las Vegas,12,89,58.69487118202299,5223.843535200046
"City: Washington, D.C.",1,1075,54.23199166871455,58299.39104386814
"City: Washington, D.C.",2,1005,55.64723995995503,55925.476159754806
"City: Washington, D.C.",3,533,180.25829729838958,96077.67246004165
"City: Washington, D.C.",4,55,78.0408795306414,4292.2483741852775
"City: Washington, D.C.",5,1099,66.04692651513898,72585.57224013774
"City: Washington, D.C.",6,1302,150.89839280804748,196469.70743607782
"City: Washington, D.C.",7,820,54.57191441397481,44748.969819459344
"City: Washington, D.C.",8,1271,61.81303469238265,78564.36709401835
"City: Washington, D.C.",9,833,70.18683959342523,58465.63738132322
"City: Washington, D.C.",10,197,159.03568192956897,31330.029340125086
"City: Washington, D.C.",11,711,53.060358355326045,37725.914790636816
"City: Washington, D.C.",12,1121,124.6329326663758,139713.51751900726
City: Austin,1,259,98.5402926225432,25521.93578923869
City: Austin,2,683,118.42950002392637,80887.3485163417
City: Austin,3,73,63.519064173406925,4636.891684658705
City: Austin,4,938,129.66448182126214,121625.28394834389
City: Austin,5,1158,112.56213679156183,130346.95440462859
City: Austin,6,642,172.01859008693341,110435.93483581125
City: Austin,7,1327,113.84549512339089,151072.97202873972
City: Austin,8,775,153.54366879048092,118996.34331262272
City: Austin,9,148,144.11118463709488,21328.45532629004
City: Austin,10,787,77.27551033085477,60815.826630382704
City: Austin,11,510,149.60077180846775,76296.39362231856
City: Austin,12,310,144.17334483289017,44693.73689819595
City: Nashville,1,4,121.60474325906289,486.41897303625154
City: Nashville,2,544,121.1913934273045,65928.11802445365
City: Nashville,3,834,95.7987673582347,79896.17197676774
City: Nashville,4,1249,96.8676489186629,120987.69349940996
City: Nashville,5,991,78.74382168391713,78035.12728876188
City: Nashville,6,785,102.71679661914624,80632.6853460298
City: Nashville,7,1175,122.28062067226763,143679.72928991445
City: Nashville,8,87,76.09729104651743,6620.464321047016
City: Nashville,9,1153,67.80129367477998,78174.89160702132
City: Nashville,10,751,82.39615317467249,61879.51103417904
City: Nashville,11,59,126.71678091660807,7476.290074079876
City: Nashville,12,1327,142.22952010356263,188738.5731774276
City: Orlando,1,1113,137.0573033480539,152544.77862638398
City: Orlando,2,880,185.65247125646613,163374.17470569018
City: Orlando,3,803,156.80292541153756,125912.74910546465
City: Orlando,4,791,83.63089760754474,66152.04000756789
City: Orlando,5,1321,133.44347059846606,176278.82466057368
City: Orlando,6,1272,143.9332863442379,183083.1402298706
City: Orlando,7,516,140.0999734443884,72291.58629730441
City: Orlando,8,1257,125.60564629699375,157886.29739532116
City: Orlando,9,216,166.2842058885108,35917.38847191833
City: Orlando,10,109,114.3939012598822,12468.93523732716
City: Orlando,11,575,84.93875260872352,48839.78275001602
City: Orlando,12,988,67.43766585741167,66628.41386712273
City: New Orleans,1,235,115.968348807085,27252.561969664974
City: New Orleans,2,166,178.7479449132325,29672.158855596594
City: New Orleans,3,901,165.90503701438394,149480.43834995994
City: New Orleans,4,1440,83.3341007133269,120001.10502719074
City: New Orleans,5,497,144.11120479358362,71623.26878241106
City: New Orleans,6,902,195.54749544901827,176383.8408950145
City: New Orleans,7,779,124.99923023316063,97374.40035163212
City: New Orleans,8,404,160.98803017824795,65039.16419201218
City: New Orleans,9,897,99.91192127821333,89620.99338655735
City: New Orleans,10,608,175.95702329727396,106981.87016474258
City: New Orleans,11,615,117.17052493497589,72059.87283501017
City: New Orleans,12,70,137.51209577953603,9625.846704567522
City: San Jose,1,1213,199.05861427779604,241458.0991189666
City: San Jose,2,665,132.98467173882176,88434.80670631646
City: San Jose,3,226,123.61431496675446,27936.83518248651
City: San Jose,4,662,129.84978519711052,85960.55780048716
City: San Jose,5,964,53.77987678354456,51843.80121933696
City: San Jose,6,342,144.3165132474159,49356.247530616245
City: San Jose,7,496,189.02800511867815,93757.89053886436
City: San Jose,8,355,66.73334632928456,23690.33794689602
City: San Jose,9,1087,188.79796022211846,205223.38276144277
City: San Jose,10,1415,163.30022356187806,231069.81634005744
City: San Jose,11,700,170.96704204013548,119676.92942809484
City: San Jose,12,724,185.0127914568926,133949.26101479025
City: Minneapolis,1,631,118.10829195794857,74526.33222546555
City: Minneapolis,2,169,151.8726678437265,25666.48086558978
City: Minneapolis,3,816,171.20901425434363,139706.5556315444
City: Minneapolis,4,1247,190.5527238621356,237619.2466560831
City: Minneapolis,5,913,75.29844535180362,68747.48060619671
City: Minneapolis,6,1351,56.08825502055665,75775.23253277203
City: Minneapolis,7,690,194.06803132634352,133906.94161517703
City: Minneapolis,8,1448,175.27796367476958,253802.49140106636
City: Minneapolis,9,983,124.07540531552031,121966.12342515647
City: Minneapolis,10,1262,121.35259840774809,153146.9791905781
City: Minneapolis,11,12,199.1810122807129,2390.1721473685548
City: Minneapolis,12,403,91.53022654946238,36886.68129943334
City: Detroit,1,153,160.32218627379189,24529.29449989016
City: Detroit,2,750,136.13988524736962,102104.91393552722
City: Detroit,3,1310,72.81111472346386,95382.56028773765
City: Detroit,4,701,191.04133344928798,133919.97474795088
City: Detroit,5,1296,173.36054721614187,224675.26919211986
City: Detroit,6,1385,138.59151051513464,191949.24206346148
City: Detroit,7,1098,163.56265624659454,179591.7965587608
City: Detroit,8,680,168.49757707930715,114578.35241392886
City: Detroit,9,702,110.15113922130061,77326.09973335302
City: Detroit,10,307,138.16306223495027,42416.060106129735
City: Detroit,11,488,78.9023879475682,38504.365318413285
City: Detroit,12,622,55.341143897906875,34422.19150449808
City: Portland,1,285,80.679355646777,22993.616359331445
City: Portland,2,920,142.26592226784805,130884.6484864202
City: Portland,3,563,176.55449606121806,99400.18128246577
City: Portland,4,1147,127.1267278221925,145814.35681205482
City: Portland,5,276,143.61527320368236,39637.81540421633
City: Portland,6,1302,101.443797821144,132079.8247631295
City: Portland,7,1455,126.12800961350891,183516.25398765545
City: Portland,8,704,98.94547497070664,69657.61437937748
City: Portland,9,312,197.82196041220448,61720.4516486078
City: Portland,10,1368,150.40458472813458,205753.4719080881
City: Portland,11,904,144.7950091563551,130894.688277345
City: Portland,12,580,117.90158569494409,68382.91970306757
City: Charlotte,1,535,67.78735250793991,36266.233591747856
City: Charlotte,2,1128,72.05467518413482,81277.67360770408
City: Charlotte,3,1352,102.92412139579886,139153.41212712007
City: Charlotte,4,943,172.78013058199957,162931.6631388256
City: Charlotte,5,895,146.06208424331305,130725.56539776518
City: Charlotte,6,814,116.28445020878586,94655.54246995169
City: Charlotte,7,499,141.12050843900062,70419.13371106131
City: Charlotte,8,1305,118.30974350452348,154394.21527340316
City: Charlotte,9,383,128.27047131812847,49127.59051484321
City: Charlotte,10,1465,159.93596826847394,234306.19351331433
City: Charlotte,11,15,186.59718048841188,2798.957707326178
City: Charlotte,12,156,181.68621788109894,28343.049989451436
City: Indianapolis,1,1415,188.91545740996955,267315.3722351069
City: Indianapolis,2,308,98.68177624877796,30393.98708462361
City: Indianapolis,3,1337,132.88146396717917,177662.51732411855
City: Indianapolis,4,207,65.40872609846416,13539.60630238208
City: Indianapolis,5,1283,136.5686317712955,175217.5545625721
City: Indianapolis,6,1494,127.95592662660881,191166.15438015357
City: Indianapolis,7,495,185.23936777296237,91693.48704761638
City: Indianapolis,8,271,178.5299400179543,48381.613744865615
City: Indianapolis,9,1478,132.78891659485313,196262.01872719295
City: Indianapolis,10,541,180.52375006290188,97663.34878402992
City: Indianapolis,11,1332,107.01503056751957,142544.02071593606
City: Indianapolis,12,106,155.40716063836427,16473.159027666614
City: Jacksonville,1,304,68.49216723907057,20821.618840677453
City: Jacksonville,2,1330,161.52031267259483,214822.0158545511
City: Jacksonville,3,718,65.59405849154933,47096.53399693242
City: Jacksonville,4,537,143.17860964191192,76886.9133777067
City: Jacksonville,5,1085,179.76048290567576,195040.1239526582
City: Jacksonville,6,553,90.20264244787393,49882.061273674284
City: Jacksonville,7,774,150.15155255153337,116217.30167488682
City: Jacksonville,8,398,100.10623391593128,39842.281098540654
City: Jacksonville,9,534,90.8632493757474,48520.975166649114
City: Jacksonville,10,1033,130.9076980976297,135227.65213485147
City: Jacksonville,11,846,72.2541585459786,61127.01812989789
City: Jacksonville,12,275,84.55287596252785,23252.04088969516
City: Columbus,1,1100,188.56883942093862,207425.72336303248
City: Columbus,2,1035,129.92029124595646,134467.50143956495
City: Columbus,3,560,195.7610301451598,109626.17688128949
City: Columbus,4,402,113.94959345672666,45807.736569604116
City: Columbus,5,597,71.05541314602667,42420.08164817792
City: Columbus,6,1115,143.71158057729917,160238.41234368857
City: Columbus,7,1155,116.75733769570489,134854.72503853915
City: Columbus,8,84,76.47841638373568,6424.1869762337965
City: Columbus,9,136,68.93703644460467,9375.436956466236
City: Columbus,10,189,182.5985330956332,34511.12275507468
City: Columbus,11,1048,154.32439469240003,161731.96563763524
City: Columbus,12,14,76.40714256720165,1069.699995940823
City: Memphis,1,1277,62.43574869391824,79730.4510821336
City: Memphis,2,862,161.8120087761277,139481.9515650221
City: Memphis,3,1420,116.7365333938408,165765.87741925393
City: Memphis,4,1006,115.65271666763758,116346.6329676434
City: Memphis,5,1479,75.92386322481369,112291.39370949945
City: Memphis,6,181,162.47487718292874,29407.9527701101
City: Memphis,7,1457,188.8342979107852,275131.57205601403
City: Memphis,8,771,150.9610537459032,116390.97243809137
City: Memphis,9,557,145.03081768621104,80782.16545121955
City: Memphis,10,491,132.8075690239443,65208.51639075665
City: Memphis,11,931,110.56363894859841,102934.74786114512
City: Memphis,12,390,191.4707427417552,74673.58966928453
City: Baltimore,1,130,51.58463194983681,6706.002153478786
City: Baltimore,2,1496,53.096215455824016,79431.93832191273
City: Baltimore,3,1189,152.7503567510073,181620.17417694768
City: Baltimore,4,671,64.93659409141256,43572.454635337825
City: Baltimore,5,455,170.09979642732873,77395.40737443457
City: Baltimore,6,644,54.812449901770805,35299.2177367404
City: Baltimore,7,678,132.3110901092012,89706.9190940384
City: Baltimore,8,366,102.16566076668957,37392.63184060838
City: Baltimore,9,1099,185.24103643071382,203579.89903735448
City: Baltimore,10,190,159.83082037814233,30367.855871847045
City: Baltimore,11,435,105.6024457296575,45937.06389240101
City: Baltimore,12,480,77.0596748654537,36988.64393541778
City: Milwaukee,1,1296,91.25709495803329,118269.19506561114
City: Milwaukee,2,462,104.6515037872083,48348.99474969023
City: Milwaukee,3,1392,93.82661277076878,130606.64497691013
City: Milwaukee,4,1400,53.89671043303639,75455.39460625095
City: Milwaukee,5,73,115.44490193474732,8427.477841236554
City: Milwaukee,6,403,196.82174462097396,79319.1630822525
City: Milwaukee,7,1344,174.6709273342121,234757.72633718108
City: Milwaukee,8,469,74.34034717834156,34865.62282664219
City: Milwaukee,9,758,163.11729083625727,123642.90645388301
City: Milwaukee,10,281,156.7163624357023,44037.297844432345
City: Milwaukee,11,270,141.29315985602187,38149.153161125905
City: Milwaukee,12,823,139.66742967848793,114946.29462539557
City: Fort Worth,1,233,123.85434077773523,28858.061401212308
City: Fort Worth,2,151,194.17192303908382,29319.96037890166
City: Fort Worth,3,979,126.11741053937614,123468.94491804924
City: Fort Worth,4,679,152.7744960667576,103733.8828293284
City: Fort Worth,5,87,142.4390288573648,12392.195510590738
City: Fort Worth,6,199,52.070193065854625,10361.96842010507
City: Fort Worth,7,292,174.610102248089,50986.14985644199
City: Fort Worth,8,46,130.90845856083672,6021.789093798489
City: Fort Worth,9,1057,157.26738656284272,166231.62759692475
City: Fort Worth,10,1128,158.06930623277617,178302.17743057152
City: Fort Worth,11,534,66.01533947082439,35252.19127742022
City: Fort Worth,12,990,169.7694024258937,168071.70840163477
City: Louisville,1,918,61.37704168064265,56344.12426282995
City: Louisville,2,722,156.4049830285105,112924.39774658457
City: Louisville,3,166,154.73860486253437,25686.608407180705
City: Louisville,4,289,169.30444201466486,48928.983742238146
City: Louisville,5,1008,106.71252526384762,107566.2254659584
City: Louisville,6,390,157.37890219858085,61377.77185744653
City: Louisville,7,125,73.72855570388586,9216.069462985732
City: Louisville,8,40,120.95059680472087,4838.0238721888345
City: Louisville,9,881,168.86817076347077,148772.85844261775
City: Louisville,10,1114,66.97069947682706,74605.35921718535
City: Louisville,11,433,105.50667144738313,45684.38873671689
City: Louisville,12,992,195.6212254901378,194056.2556862167
City: Albuquerque,1,1480,197.91357131350162,292912.0855439824
City: Albuquerque,2,85,128.61453503721683,10932.23547816343
City: Albuquerque,3,1152,158.9536937417837,183114.65519053483
City: Albuquerque,4,1344,125.89415556051694,169201.74507333475
City: Albuquerque,5,1017,169.2732174743625,172150.86217142665
City: Albuquerque,6,1098,147.1733320482122,161596.318588937
City: Albuquerque,7,566,97.9621050772411,55446.551473718464
City: Albuquerque,8,509,133.69754741954046,68052.0516365461
City: Albuquerque,9,542,51.00612611256191,27645.320353008556
City: Albuquerque,10,574,54.72562993890287,31412.511584930246
City: Albuquerque,11,816,161.06970631037146,131432.8803492631
City: Albuquerque,12,136,96.47712141586615,13120.888512557796
City: Tucson,1,406,138.56063972041483,56255.61972648842
City: Tucson,2,1171,185.19925138757122,216868.3233748459
City: Tucson,3,115,197.78870676034998,22745.701277440246
City: Tucson,4,686,174.8580682552086,119952.6348230731
City: Tucson,5,86,149.44717731116776,12852.457248760427
City: Tucson,6,927,70.89952726652743,65723.86177607093
City: Tucson,7,1454,145.82340788372187,212027.2350629316
City: Tucson,8,1115,188.026366232727,209649.39834949063
City: Tucson,9,1243,57.52113995601098,71498.77696532164
City: Tucson,10,422,186.80814617101956,78833.03768417025
City: Tucson,11,1047,179.00496694219356,187418.20038847666
City: Tucson,12,1362,101.64253838257054,138437.13727706106
City: Fresno,1,1312,134.3088975808838,176213.27362611957
City: Fresno,2,434,55.86075730513992,24243.568670430726
City: Fresno,3,404,182.84339551472385,73868.73178794843
City: Fresno,4,806,103.6330199179924,83528.21405390187
City: Fresno,5,574,167.79578397282924,96314.78000040399
City: Fresno,6,1467,150.85104506257005,221298.48310679026
City: Fresno,7,1167,150.60531273342883,175756.39995991145
City: Fresno,8,1178,191.73720701647247,225866.42986540456
City: Fresno,9,432,65.17404238043342,28155.186308347238
City: Fresno,10,1170,187.58066362503587,219469.37644129197
City: Fresno,11,614,162.51822168242137,99786.18811300672
City: Fresno,12,44,186.2049217154664,8193.016555480523
City: Sacramento,1,822,152.74204454777401,125553.96061827024
City: Sacramento,2,100,56.07152119823619,5607.152119823619
City: Sacramento,3,1145,191.3806675958462,219130.86439724392
City: Sacramento,4,606,130.93910675759383,79349.09869510186
City: Sacramento,5,1417,164.969734779844,233762.11418303894
City: Sacramento,6,876,164.46107209339235,144067.89915381168
City: Sacramento,7,916,158.47664705581695,145164.60870312832
City: Sacramento,8,699,59.41818838746379,41533.31368283719
City: Sacramento,9,873,109.95759909138349,95992.98400677778
City: Sacramento,10,273,98.52566005203494,26897.505194205536
City: Sacramento,11,51,92.73062602051259,4729.261927046142
City: Sacramento,12,765,85.01811810861567,65038.86035309098
City: Long Beach,1,1123,161.17622735695622,181000.90332186184
City: Long Beach,2,889,121.9743034029378,108435.1557252117
City: Long Beach,3,1007,148.2975024977291,149335.5850152132
City: Long Beach,4,839,179.86542894426557,150907.09488423882
City: Long Beach,5,453,117.36560229874024,53166.61784132933
City: Long Beach,6,1080,143.87512426150573,155385.13420242618
City: Long Beach,7,1175,113.47335160464897,133331.18813546255
City: Long Beach,8,182,128.39158130880506,23367.26779820252
City: Long Beach,9,1432,97.46022955489221,139563.04872260563
City: Long Beach,10,1047,157.14070081692586,164526.31375532137
City: Long Beach,11,554,198.74303783483955,110103.6429605011
City: Long Beach,12,668,54.45920954592511,36378.75197667797
City: Kansas City,1,687,199.34478897608187,136949.87002656824
City: Kansas City,2,388,74.15592222213091,28772.497822186793
City: Kansas City,3,897,139.2535108658892,124910.39924670263
City: Kansas City,4,1367,97.01697500556116,132622.20483260212
City: Kansas City,5,158,197.09384989169482,31140.828282887782
City: Kansas City,6,49,175.3196135230068,8590.661062627334
City: Kansas City,7,765,165.34182547700556,126486.49648990924
City: Kansas City,8,1178,79.57643932552071,93741.0455254634
City: Kansas City,9,203,121.35199689728616,24634.45537014909
City: Kansas City,10,1313,52.481671997848665,68908.4353331753
City: Kansas City,11,397,99.38318361782174,39455.12389627523
City: Kansas City,12,615,182.20730783181406,112057.49431656564
City: Mesa,1,884,116.29343381583713,102803.39549320002
City: Mesa,2,1313,142.25386437209215,186779.32392055698
City: Mesa,3,875,176.81371214550046,154711.9981273129
City: Mesa,4,617,83.24530070809104,51362.35053689217
City: Mesa,5,964,76.86409480232827,74096.98738944445
City: Mesa,6,750,103.77915153806933,77834.36365355199
City: Mesa,7,1218,63.88279560647921,77809.24504869168
City: Mesa,8,563,57.21301801711063,32210.929143633282
City: Mesa,9,242,130.60098282393955,31605.43784339337
City: Mesa,10,547,95.9270962514423,52472.12164953894
City: Mesa,11,342,181.01608514874243,61907.501120869914
City: Mesa,12,1220,175.77345119743222,214443.61046086732
City: Virginia Beach,1,302,120.89490055543324,36510.259967740836
City: Virginia Beach,2,535,136.27475418695605,72906.99349002149
City: Virginia Beach,3,586,117.15643769373999,68653.67248853164
City: Virginia Beach,4,496,108.68905806094779,53909.7727982301
City: Virginia Beach,5,1248,79.94491225935396,99771.25049967374
City: Virginia Beach,6,683,139.24759532973798,95106.10761021104
City: Virginia Beach,7,1355,68.02957800151073,92180.07819204703
City: Virginia Beach,8,717,175.60273236147435,125907.15910317711
City: Virginia Beach,9,48,175.98581038223512,8447.318898347286
City: Virginia Beach,10,425,157.97536300419483,67139.5292767828
City: Virginia Beach,11,1066,83.05913899669882,88541.04217048094
City: Virginia Beach,12,599,137.1555951140131,82156.20147329384
City: Atlanta,1,268,136.60237268030673,36609.435878322205
City: Atlanta,2,775,74.03773736849132,57379.246460580776
City: Atlanta,3,904,192.87377559314876,174357.8931362065
City: Atlanta,4,1179,172.89971524248108,203848.76427088518
City: Atlanta,5,1361,133.798790154877,182100.1534007876
City: Atlanta,6,1312,52.75937754630603,69220.30334075351
City: Atlanta,7,225,106.44679330092407,23950.528492707916
City: Atlanta,8,171,82.62090177475261,14128.174203482697
City: Atlanta,9,274,94.21513004799954,25814.945633151874
City: Atlanta,10,310,76.35218176879289,23669.176348325796
City: Atlanta,11,1121,121.56665979499724,136276.2256301919
City: Atlanta,12,895,183.96741973244818,164650.84066054111
City: Colorado Springs,1,109,187.5564657372663,20443.65476536203
City: Colorado Springs,2,39,54.665187938590044,2131.9423296050118
City: Colorado Springs,3,1340,63.00717317820128,84429.61205878972
City: Colorado Springs,4,607,126.06750475283529,76522.97538497103
City: Colorado Springs,5,1008,186.89073804903026,188385.8639534225
City: Colorado Springs,6,600,53.991833115704175,32395.099869422505
City: Colorado Springs,7,971,83.82584290697815,81394.89346267578
City: Colorado Springs,8,517,191.37635122902077,98941.57358540373
City: Colorado Springs,9,206,148.38180767979856,30566.6523820385
City: Colorado Springs,10,389,131.19568574969009,51035.12175662944
City: Colorado Springs,11,1244,150.46490624063094,187178.34336334487
City: Colorado Springs,12,558,160.52543793416731,89573.19436726536
City: Omaha,1,1458,132.43161923107522,193085.30083890766
City: Omaha,2,220,64.63406608830577,14219.494539427269
City: Omaha,3,1347,189.61821832234847,255415.7400802034
City: Omaha,4,508,126.68579622464007,64356.38448211716
City: Omaha,5,353,188.8557095151631,66666.06545885258
City: Omaha,6,1240,51.86020649524047,64306.65605409818
City: Omaha,7,98,116.48312575254202,11415.346323749118
City: Omaha,8,362,182.70309417975696,66138.52009307202
City: Omaha,9,1328,161.53190545487394,214514.37044407259
City: Omaha,10,203,83.3718002128154,16924.475443201525
City: Omaha,11,610,65.95558582749152,40232.90735476983
City: Omaha,12,334,70.2233442628563,23454.596983794003
City: Raleigh,1,1102,129.77505284370602,143012.10823376404
City: Raleigh,2,1044,166.87762382406726,174220.2392723262
City: Raleigh,3,814,147.59391913525485,120141.45017609745
City: Raleigh,4,557,89.50784056126156,49855.86719262269
City: Raleigh,5,1244,149.0010614388368,185357.320429913
City: Raleigh,6,802,121.40772726729375,97368.99726836958
City: Raleigh,7,108,148.2484432950027,16010.83187586029
City: Raleigh,8,913,197.93438255709694,180714.0912746295
City: Raleigh,9,1126,109.44472459259866,123234.75989126609
City: Raleigh,10,415,151.72622198754607,62966.382124831616
City: Raleigh,11,559,76.54612663824712,42789.28479078014
City: Raleigh,12,348,108.77857279469794,37854.94333255488
City: Miami Beach,1,901,67.10363343483716,60460.37372478828
City: Miami Beach,2,148,197.3134667731659,29202.393082428556
City: Miami Beach,3,1131,187.3092572967449,211846.7700026185
City: Miami Beach,4,419,60.36551207449723,25293.14955921434
City: Miami Beach,5,1204,107.58009479859406,129526.43413750725
City: Miami Beach,6,237,185.31545796352776,43919.76353735608
City: Miami Beach,7,197,73.69460865386982,14517.837904812355
City: Miami Beach,8,626,102.93211681270189,64435.505124751384
City: Miami Beach,9,1358,58.25561766819105,79111.12879340345
City: Miami Beach,10,79,155.53667921279254,12287.39765781061
City: Miami Beach,11,327,195.36317044421966,63883.75673525983
City: Miami Beach,12,898,105.93491212504117,95129.55108828697
City: Oakland,1,165,169.79185330216526,28015.65579485727
City: Oakland,2,253,82.43126860085212,20855.110956015586
City: Oakland,3,306,59.57873968882126,18231.094344779303
City: Oakland,4,1441,84.88629336059239,122321.14873261363
City: Oakland,5,277,131.085999448895,36310.82184734391
City: Oakland,6,975,107.57780967921164,104888.36443723134
City: Oakland,7,758,184.54068737785533,139881.84103241435
City: Oakland,8,364,70.36687642544902,25613.543018863445
City: Oakland,9,1013,113.10613131409607,114576.51102117932
City: Oakland,10,1017,58.935941539674005,59937.852545848466
City: Oakland,11,304,160.0867517102779,48666.37251992448
City: Oakland,12,214,184.92219641009453,39573.35003176023
City: Tulsa,1,793,176.86325056727233,140252.55769984695
City: Tulsa,2,212,99.70578199065852,21137.625782019608
City: Tulsa,3,1092,178.79596444312398,195245.19317189138
City: Tulsa,4,561,65.77054291709325,36897.27457648931
City: Tulsa,5,986,163.8746560463291,161580.4108616805
City: Tulsa,6,104,195.09688064124853,20290.075586689847
City: Tulsa,7,639,175.35018286051329,112048.76684786798
City: Tulsa,8,1471,98.66474215771407,145135.8357139974
City: Tulsa,9,330,159.41256245041052,52606.145608635474
City: Tulsa,10,639,159.42585514091235,101873.121435043
City: Tulsa,11,121,113.41879918419234,13723.674701287273
City: Tulsa,12,660,58.804721107853155,38811.115931183085
City: Cleveland,1,911,164.81299476761214,150144.63823329465
City: Cleveland,2,354,71.65246273201643,25364.971807133817
City: Cleveland,3,396,110.46213727429674,43743.006360621504
City: Cleveland,4,119,162.7988200762131,19373.05958906936
City: Cleveland,5,555,55.752457190185325,30942.613740552857
City: Cleveland,6,835,173.74977194384007,145081.05957310647
City: Cleveland,7,529,141.09028913858407,74636.76295431098
City: Cleveland,8,1336,180.35955771865562,240960.3691121239
City: Cleveland,9,1365,120.52059092573667,164510.60661363055
City: Cleveland,10,1298,88.76153780871354,115212.47607571018
City: Cleveland,11,1306,149.0636740742103,194677.15834091866
City: Cleveland,12,226,84.75587092897776,19154.826829948972
City: Wichita,1,483,85.34216994315985,41220.26808254621
City: Wichita,2,1295,92.97402713725776,120401.36514274881
City: Wichita,3,466,192.52197017027544,89715.23809934835
City: Wichita,4,931,116.28968806515236,108265.69958865685
City: Wichita,5,395,169.17037974167823,66822.2999979629
City: Wichita,6,206,159.34546385394088,32825.16555391182
City: Wichita,7,1104,197.3509494855001,217875.4482319921
City: Wichita,8,580,176.66208127537388,102464.00713971685
City: Wichita,9,1035,151.54161946596955,156845.57614727848
City: Wichita,10,664,184.4104743007173,122448.5549356763
City: Wichita,11,1201,111.77065528481847,134236.55699706697
City: Wichita,12,1461,179.16454469434197,261759.39979843362
City: Arlington,1,1159,182.50260412463055,211520.51818044682
City: Arlington,2,50,84.25451988994837,4212.7259944974185
City: Arlington,3,1366,110.32656058427133,150706.08175811465
City: Arlington,4,556,128.3623112115024,71369.44503359533
City: Arlington,5,854,119.05267817579755,101670.9871621311
City: Arlington,6,940,74.17128536725048,69721.00824521545
City: Arlington,7,631,176.1086010374658,111124.52725464093
City: Arlington,8,398,142.91369778984125,56879.651720356815
City: Arlington,9,452,96.37919883486047,43563.39787335693
City: Arlington,10,125,102.67416275293822,12834.270344117276
City: Arlington,11,287,116.81012363333245,33524.50548276641
City: Arlington,12,1350,59.861508819664856,80813.03690654755
City: Tampa,1,779,188.4507308895922,146803.11936299232
City: Tampa,2,597,148.3858115076356,88586.32947005845
City: Tampa,3,28,138.70186412697075,3883.6521955551807
City: Tampa,4,591,77.6169608281293,45871.62384942441
City: Tampa,5,7,157.87372895347673,1105.116102674337
City: Tampa,6,503,50.108437382541325,25204.544003418287
City: Tampa,7,1023,65.65624538095665,67166.33902471865
City: Tampa,8,244,53.803285783639886,13128.001731208133
City: Tampa,9,1346,129.14255544202712,173825.8796249685
City: Tampa,10,904,160.43073975317168,145029.3887368672
City: Tampa,11,849,107.99187298042513,91685.10016038093
City: Tampa,12,858,153.7383181131092,131907.47694104767
City: Bakersfield,1,1357,195.48719297317007,265276.1208645918
City: Bakersfield,2,1321,130.3924966743551,172248.4881068231
City: Bakersfield,3,830,105.5150655986678,87577.50444689428
City: Bakersfield,4,94,189.5395409915566,17816.716853206322
City: Bakersfield,5,55,81.36115784019,4474.8636812104505
City: Bakersfield,6,209,189.73761691868413,39655.16193600498
City: Bakersfield,7,526,93.27317832032418,49061.691796490515
City: Bakersfield,8,878,61.39145276942422,53901.69553155446
City: Bakersfield,9,1455,143.1989010968614,208354.4010959333
City: Bakersfield,10,573,126.43224870548883,72445.6785082451
City: Bakersfield,11,1406,157.49032862566298,221431.40204768215
City: Bakersfield,12,1494,150.40803836518998,224709.60931759383
City: Aurora,1,1270,119.07144438799848,151220.73437275807
City: Aurora,2,401,51.009141114769385,20454.665587022522
City: Aurora,3,740,148.88584093368198,110175.52229092467
City: Aurora,4,1082,74.73411934389063,80862.31713008965
City: Aurora,5,376,163.96100752012137,61649.33882756563
City: Aurora,6,277,88.16618110503737,24422.032166095352
City: Aurora,7,889,159.32261322446197,141637.8031565467
City: Aurora,8,763,120.79574766404542,92167.15546766666
City: Aurora,9,796,53.72092372501174,42761.85528510934
City: Aurora,10,166,91.86529069595723,15249.6382555289
City: Aurora,11,508,89.60900221927585,45521.37312739213
City: Aurora,12,487,180.18030844890453,87747.8102146165
